apple.com,
youtube.com,
google.com,
play.google.com,
support.google.com,
linkedin.com,
blogger.com,
microsoft.com,
en.wikipedia.org,
adobe.com,
cloudflare.com,
wordpress.org,
maps.google.com,
youtu.be,
docs.google.com,
googleusercontent.com,
vimeo.com,
plus.google.com,
sites.google.com,
mozilla.org,
accounts.google.com,
europa.eu,
drive.google.com,
bbc.co.uk,
medium.com,
github.com,
es.wikipedia.org,
wikipedia.org,
facebook.com,
amazon.com,
uol.com.br,
line.me,
istockphoto.com,
vk.com,
brandbucket.com,
creativecommons.org,
google.com.br,
theguardian.com,
paypal.com,
opera.com,
dailymotion.com,
dropbox.com,
mail.ru,
whatsapp.com,
imdb.com,
globo.com,
policies.google.com,
nih.gov,
developers.google.com,
abril.com.br,
slideshare.ne,
wikimedia.org,
msn.com,
forbes.com,
google.es,
w3.org,
gstatic.com,
mail.google.com,
mediafire.com,
issuu.com,
get.google.com,
nytimes.com,
jimdofree.com,
ugedomains.com,
google.co.jp,
yahoo.com,
myspace.com,
google.de,
reuters.com,
fr.wikipedia.org,
feedburner.com,
bbc.com,
news.google.com,
cnn.com,
.me,
live.com,
scribd.com,
cpanel.com,
ft.com,
usatoday.com,
samsung.com,
themeforest.net,
translate.google.com,
indiatimes.com,
lefigaro.fr,
amazon.co.jp,
dailymail.co.uk,
washingtonpost.com,
id.wikipedia.org,
webmd.com,
dan.com,
afternic.com,
draft.blogger.com,
youronlinechoices.com,
weebly.com,
files.wordpress.com,
google.co.uk,
esun.co.uk,
google.in,
myaccount.google.com,
fandom.com,
independent.co.uk,
namecheap.com,
terra.com.br,
ig.com.br,
google.fr,
lesk.com,
uffingtonpost.com,
books.google.com,
mirror.co.uk,
wikipedia.org,
un.org,
ipv4.google.com,
marketingplatform.google.com,
businessinsider.com,
gravatar.com,
news.yahoo.com,
witter.com,
bit.ly,
atena.ne.jp,
steampowered.com,
it.wikipedia.org,
latimes.com,
4shared.com,
who.in,
search.google.com,
interest.com,
nasa.gov,
office.com,
aboutads.info,
harvard.edu,
elegraph.co.uk,
amazon.co.uk,
time.com,
abcnews.go.com,
foxnews.com,
rakuten.co.jp,
icasaweb.google.com,
google.ru,
tinyurl.com,
change.org,
cnet.com,
wsj.com,
aol.com,
tools.google.com,
ebay.com,
buydomains.com,
aliexpress.com,
networkadvertising.org,
photos.google.com,
fb.com,
cpanel.net,
cdc.gov,
goo.gl,
elegram.me,
wikia.com,
archive.org,
amazon.de,
gov.uk,
elpais.com,
wired.com,
booking.com,
uffpost.com,
ok.ru,
google.pl,
bloomberg.com,
de.wikipedia.org,
android.com,
google.nl,
wiley.com,
wa.me,
nbcnews.com,
newsweek.com,
nginx.com,
google.ca,
cbc.ca,
spotify.com,
corriere.it,
columbia.edu,
shopify.com,
mit.edu,
.co,
xbox.com,
yadi.sk,
enable-javascript.com,
over-blog.com,
sciencedirect.com,
lemonde.fr,
icann.org,
ixabay.com,
blackberry.com,
ru.wikipedia.org,
mysql.com,
ziddu.com,
sedo.com,
imageshack.us,
google.co.id,
soundcloud.com,
sciencemag.org,
engadget.com,
surveymonkey.com,
bs.org,
kickstarter.com,
naver.com,
bitly.com,
sciencedaily.com,
academia.edu,
sputniknews.com,
doubleclick.ne,
ggpht.com,
smh.com.au,
npr.org,
witch.tv,
espn.com,
rambler.ru,
stanford.edu,
wikihow.com,
eatlantic.com,
eventbrite.com,
mashable.com,
quora.com,
disney.com,
elmundo.es,
rivacyshield.gov,
digg.com,
groups.yahoo.com,
yandex.ru,
goodreads.com,
finance.yahoo.com,
welt.de,
skype.com,
gizmodo.com,
l.wikipedia.org,
rapidshare.com,
asus.com,
berkeley.edu,
otobucket.com,
weibo.com,
chicagotribune.com,
dw.com,
lycos.com,
deezer.com,
alibaba.com,
ikea.com,
ea.com,
express.co.uk,
ja.wikipedia.org,
spiegel.de,
mega.nz,
cambridge.org,
allaboutcookies.org,
usnews.com,
nikkei.com,
umich.edu,
picasa.google.com,
metro.co.uk,
apache.org,
eglobeandmail.com,
akamaihd.ne,
netflix.com,
storage.googleapis.com,
nationalgeographic.com,
cornell.edu,
yahoo.co.j,
gofundme.com,
whitehouse.gov,
ytimg.com,
abc.es,
nypost.com,
washington.edu,
.ne,
britannica.com,
loc.gov,
adssettings.google.com,
sychologytoday.com,
disqus.com,
buzzfeed.com,
ovh.co.uk,
shutterstock.com,
news.com.au,
goo.ne.j,
detik.com,
discord.gg,
nydailynews.com,
search.yahoo.com,
repubblica.i,
amazon.fr,
yelp.com,
arget.com,
instagram.com,
rottentomatoes.com,
researchgate.ne,
echcrunch.com,
unesco.org,
forms.gle,
sfgate.com,
rinceton.edu,
bloglovin.com,
google.com.tw,
list-manage.com,
sapo.,
cnil.fr,
ed.com,
wix.com,
cbsnews.com,
rt.com,
rustpilot.com,
biglobe.ne.j,
gmail.com,
gnu.org,
hollywoodreporter.com,
nature.com,
cnbc.com,
mozilla.com,
ria.ru,
godaddy.com,
guardian.co.uk,
laystation.com,
ripadvisor.com,
oracle.com,
bp0.blogger.com,
abc.net.au,
sendspace.com,
ign.com,
walmart.com,
ovh.com,
bing.com,
groups.google.com,
bandcamp.com,
m.wikipedia.org,
instructables.com,
addtoany.com,
depositfiles.com,
urbandictionary.com,
nginx.org,
wp.com,
netvibes.com,
my.yahoo.com,
stackoverflow.com,
everge.com,
etimes.co.uk,
about.com,
code.google.com,
box.com,
economist.com,
noaa.gov,
otos1.blogger.com,
ovh.ne,
google.co.in,
secureserver.ne,
ibm.com,
variety.com,
oup.com,
googleblog.com,
addthis.com,
bp2.blogger.com,
.com,
amzn.to,
zendesk.com,
amazon.es,
m.com,
ietf.org,
stuff.co.nz,
dribbble.com,
sina.com.cn,
wiktionary.org,
iubenda.com,
greenpeace.org,
so-net.ne.j,
utexas.edu,
narod.ru,
state.gov,
udemy.com,
newyorker.com,
symantec.com,
excite.co.j,
interest.co.uk,
ndtv.com,
viagens.com.br,
edailybeast.com,
behance.ne,
foursquare.com,
example.com,
ed.gov,
sakura.ne.j,
axs.com,
airbnb.com,
xing.com,
ebay.co.uk,
ouse.gov,
dell.com,
fda.gov,
google.com.au,
zdnet.com,
weforum.org,
si.edu,
reverbnation.com,
interia.pl,
businesswire.com,
unsplash.com,
a8.ne,
abelog.com,
answers.com,
dreniq.com,
amazon.i,
scientificamerican.com,
businessinsider.com.au,
su.edu,
oecd.org,
mz.com,
eonline.com,
ucla.edu,
ehill.com,
answers.yahoo.com,
livejournal.com,
doi.org,
orange.fr,
khanacademy.org,
salon.com,
mixcloud.com,
liveinternet.ru,
cia.gov,
offset.com,
estar.com,
discovery.com,
investopedia.com,
slate.com,
adweek.com,
steamcommunity.com,
about.me,
nps.gov,
asahi.com,
uawei.com,
zeit.de,
consumerreports.org,
imgur.com,
wn.com,
ome.pl,
outlook.com,
coursera.org,
uiuc.edu,
statista.com,
undeveloped.com,
video.google.com,
usgs.gov,
gutenberg.org,
marketwatch.com,
bp1.blogger.com,
amazon.ca,
mystrikingly.com,
standard.co.uk,
feedproxy.google.com,
olitico.com,
worldbank.org,
digitaltrends.com,
venturebeat.com,
indiegogo.com,
amazon.in,
fifa.com,
bund.de,
xinhuanet.com,
ewresearch.org,
vkontakte.ru,
cocolog-nifty.com,
e-monsite.com,
daum.ne,
megaupload.com,
nba.com,
dot.tk,
entrepreneur.com,
channel4.com,
efreedictionary.com,
ameblo.j,
astebin.com,
nokia.com,
scoop.i,
ssl-images-amazon.com,
dictionary.com,
boston.com,
e-recht24.de,
arstechnica.com,
echradar.com,
etsy.com,
000webhost.com,
merriam-webster.com,
canalblog.com,
netlify.a,
lifehacker.com,
arallels.com,
rediff.com,
canva.com,
ucoz.ru,
br.org,
inc.com,
calameo.com,
marriott.com,
billboard.com,
irs.gov,